num_reviews,asin
53,B006RG23JC
122,B002RWJDB6
98,B001CHM3VO
67,B007KA07YM
76,B000W3QLLW
224,B00DB3SH2G
53,B0095ZC7VQ
310,B000UO6C5S
120,B004UAKCS6
64,B003W9B4H4
229,B00COYOAYW
126,B006K553LU
86,B002S4027C
63,B0010CKE7G
64,B003UDCPEI
420,B00005LEN4
82,B000XP8DJC
70,B004CHNKE0
146,B009FUF6DM
60,B008PJ93YC
84,B0018MCGVU
58,B0046A8YEO
72,B00C87D0XM
94,B008DWYBZM
95,B004M8RWDE
137,B008467K1E
556,B003ZX8B2S
88,B006ZW4H4C
102,B003FZA1OW
446,B0002CPBWI
172,B00009R6WT
61,B004ASY5ZY
211,B002ZV51DI
175,B004WIUDGM
56,B00A0JUNYY
58,B0018LQVIA
72,B0043RS864
56,B00G0MP05W
55,B0064RY5PO
63,B0017SF1RQ
162,B00AYQ433U
116,B007Y2YVH0
311,B000IF4788
81,B001NJQ5PG
66,B005UBNKZG
71,B0056C4VRK
73,B002SQ9ZX2
59,B002K4GDGY
291,B000IF51UQ
95,B000TKHGL2
97,B003656Q7C
52,B001QFZMB0
180,B000ENUCR4
71,B009VWAA5S
69,B004YM6FFY
61,B0096239FG
102,B001EQ4BVI
75,B002K42W4Q
54,B000069EV0
511,B004YDUZ22
71,B003N7NO4Q
77,B00009V332
297,B000092TT0
51,B006YBQ6Z2
82,B002E4UWWQ
104,B00FNPD1OY
138,B002WUVAVE
68,B0009STJIW
509,B000UEZ36W
349,B000F28DP2
80,B004VRJ3E2
114,B001CBFTFM
111,B005KDYA44
216,B00E3RH5W2
63,B00012FVYC
51,B00007FWP2
71,B001KUL012
159,B00123WZWK
54,B002AZ3D3E
279,B001TH7GUK
171,B004CQGAYS
89,B0064XAIZY
229,B000EOPQ7E
83,B004M187ZI
67,B000UZCR56
62,B0036ECGS6
59,B001212ELY
374,B000C1Z0HA
55,B002T0EK64
112,B003VGUGBS
111,B004ABO7QI
224,B006LW0W5Y
72,B0000665V6
105,B001P3PSS0
91,B000OG4E1G
206,B0019RGQVU
62,B006XGCQ2U
70,B00000K4KH
85,B00BVUQZZ2
53,B00ACF8XWA
235,B005LDLP8W
133,B000ABB4HC
122,B002XVBAKI
64,B001SEQPGA
57,B001NXDC4O
151,B0027P9BO2
77,B00005BC0J
58,B004MMEI6Y
76,B003B4CU3M
213,B005MWMBBM
73,B000VJG356
100,B003ZSHKIO
66,B001F50UHM
184,B0000X0VCY
448,B0035ERKYW
65,B002A6CWCQ
147,B007RFW1NA
63,B001S2R8E0
304,B00DIOALPE
64,B001BWLA8W
305,B001ELJ9QK
102,B0045IIZKU
51,B00127VAW2
57,B000U1YBNQ
70,B0064L8Q1E
74,B002QDCP3Y
93,B00004Z0C7
65,B002LE8D2A
80,B00603RTC8
63,B002ISZD2C
137,B008Q7DDLM
66,B004477D0K
81,B00FH66AW4
52,B00654PUPA
138,B006MRAVFE
193,B002MMY4WY
61,B007BXD6DW
57,B000BYCKUI
84,B0027CTQC2
99,B00A6HH28U
68,B004BQKQ8A
89,B007BXD66E
83,B00DDK1QUC
93,B00844N5OC
61,B003YT578O
428,B001T9NUJE
354,B0042X9LC4
52,B001H9NR2Q
73,B002YTDE5I
204,B005H3Q57M
80,B000H6CBA4
65,B00196757K
95,B0039XRUBM
121,B005BCAKO8
93,B002BFA91C
113,B003K0E6BG
159,B001JZFQU4
58,B004XJ6R0Q
57,B000J022G6
140,B0019CSVMW
146,B004Z0S7K6
138,B00B1862X4
56,B005276QSQ
52,B009WROL6G
76,B00G6CLNCK
88,B0050RKH2Y
92,B000OFWJO6
457,B008D2POAS
97,B00562O8U0
74,B0053T4PHC
191,B005IGVY6K
69,B000JLM50I
110,B001RNOHDU
64,B001S0LUCI
52,B001B8R03U
61,B004EC20Y4
89,B00CXACPN0
81,B0092MD6NA
106,B00DCY29G4
61,B0042TLA90
59,B001207YMY
73,B00BCXF4HI
246,B00511PS3C
206,B0028Y4F4S
127,B008D4X97Q
62,B005PCDSBQ
61,B0010T8X9A
67,B000CDLCGG
78,B004QQG18Y
64,B000EWHEM6
199,B00CSMYBFS
64,B00336G7MI
72,B0046HAW7Y
399,B008ZGKWQI
150,B004TLIVB6
70,B001R1Q0OG
117,B003XIJ566
55,B000AY2L3U
841,B00BGA9WK2
124,B0038OMEQI
118,B0037NYQ7K
53,B004WK3U9W
69,B000JKHXPQ
110,B000NONHYY
97,B0067I4Z6O
76,B0038W0NEU
57,B004FV67XO
113,B003MOKUIS
203,B000ENRQ3M
65,B00C8T7CXO
206,B00CH643A8
61,B00004VX15
77,B00548QAPC
109,B00DMCVKMU
83,B007ZT23ZE
57,B002KQ5KVG
286,B0027FGW3K
103,B000EGQS5G
55,B0036OR92E
93,B001PA94NS
277,B004VTAVLE
85,B0002J2MV4
322,B000O8I474
95,B00G57BN1M
81,B001TI9F8U
284,B000065BPB
53,B00158OJ9O
80,B0035FZJM6
69,B0094S8V3M
112,B0002SQ0A4
54,B0089V4WOC
484,B002HWRJY4
54,B007KZQM9G
52,B00365EVWO
462,B002ZAVVHY
133,B004YLAYHA
60,B004YAVF8I
58,B0019OZ3OO
51,B0096TKA7E
257,B0061RJSWC
98,B003DZ1684
1279,B00007E7JU
82,B0095R71FG
102,B004JMZPJQ
195,B000NK8EWI
68,B006U1VH2S
79,B00K91DB7Y
69,B009WNR13U
77,B0012XFDWO
114,B000HDFXU2
56,B001XILMEG
66,B004M8SVGQ
91,B00EZ9XG62
611,B00009R6TA
231,B007FL6100
55,B00906DHLE
216,B00568BV68
96,B008YD80KC
51,B001LYPIIS
161,B008THTRVO
52,B00DQZSEWM
156,B000A5TAT2
210,B001T9N120
64,B004IZN3YI
57,B004YTCNJY
64,B0064FS7HI
113,B0012GQZZU
54,B0000E6I1N
202,B000J43HJ8
69,B0073ESZ58
96,B000BSJFJS
70,B0092S2TPA
83,B008BMWPKW
352,B005CLMJLU
158,B000053HH5
370,B0030MITDK
93,B000PDR1LS
117,B00542NV32
63,B003307BYW
62,B0001GZ87I
58,B004O0TRDI
110,B009NHAF5G
307,B008GVM9K4
129,B0074WDDN8
379,B00691WMJG
54,B008Y8PON8
65,B003EEMDMC
63,B001LYWBOM
67,B001AYCNIW
129,B0056KEPVO
247,B003MX4D0U
219,B002R5AM7C
52,B001U0OFKU
70,B00GZNCP3G
67,B002VFVQWS
82,B003VAK1G4
59,B000O8WE66
64,B007B5YUMQ
74,B002NGVY8G
62,B000WI9CIG
52,B000LRMR26
84,B000234TYI
93,B002NEG0VO
143,B005ESY8VA
53,B007HH95F0
77,B00EO302SO
196,B008HO9DK4
87,B003Y73Q3O
103,B001UE6MJ8
87,B001ASU1QO
98,B008L2WS8Q
70,B00126U0VA
71,B00E435N1A
53,B00AK2MHEU
222,B001EAQTRI
88,B009923WIW
98,B000Q85WRC
116,B004XC3GWU
333,B000089GN3
60,B000LB7G00
58,B001DAT0XE
135,B005TN0MMY
302,B0012MMW7E
89,B0064Z71T8
71,B002Q2M8KK
113,B003CH5346
97,B008X9ZBVI
64,B008CQWOYY
256,B00BP5KOPA
132,B002MUGUFK
69,B00009R6K7
74,B00EOI2TD0
58,B0013MT5H8
63,B008D9DVVK
109,B004LPY204
113,B0090BTY8Y
78,B008HO9D7M
52,B00A6STCL4
219,B003L62T7W
85,B0017K6BD2
111,B00DH101WQ
78,B001BPE3KQ
194,B0016BVDIK
133,B009WSCW4S
118,B002A92OVM
122,B006TAP096
81,B00E9YIFKA
540,B003FVJYF8
63,B001963NZI
52,B000HATNH4
76,B000M5U9GI
193,B007F9XHAY
245,B000VY2BC0
74,B00023JJV6
135,B007QOX5A0
61,B00CA9I1P0
70,B0040UBU3W
73,B0090QJ9V6
180,B006UMM1PO
1866,B005HMKKH4
71,B0006I09LQ
70,B0014Z5XMK
77,B0045XV2CI
629,B00017LSPI
56,B0040IO1RQ
199,B009HU6RI8
161,B009H8JOZS
266,B0055D66V4
52,B003WJR694
85,B001C48HTO
53,B005T63BJM
77,B003D0WIQS
67,B00E4LGTVU
199,B005OOKNP4
407,B005DSPLDA
51,B006UH7974
97,B007ABIY4Q
151,B001M56DI0
112,B0007Q9PWQ
188,B0093HMKVI
84,B00G024X32
84,B00009RUCH
72,B00FONBG1A
58,B00004TBLW
69,B004LTE5JI
88,B006MBP7T0
235,B005DLDTAE
136,B004MSI7UQ
65,B009IZ82DA
289,B0018P7WZ2
209,B00829THEG
128,B005HXFARS
127,B00CMEN95U
161,B0049WBZEK
373,B005U0M9B8
450,B008UHK3KM
52,B003UCESP8
87,B004GGUAUE
85,B004Z57YJQ
67,B001FWYLLG
84,B004GYVPGE
105,B004DDI0IE
78,B0076BNK30
104,B0045KXU3A
86,B0096TK65A
241,B009GF0J2Y
53,B00387E5BM
213,B003Y30334
81,B003GSLU3E
69,B000EPRG6W
54,B005HARR2W
624,B009NHAEXE
57,B004AL7B7K
158,B002BW6DBU
89,B00535CMEE
89,B0007U9KAY
54,B000CRFI8A
102,B003UEWF8I
80,B005CG2AX2
150,B001C4ETU0
283,B0013DXVYK
63,B002VFWY9M
52,B0002J2MSW
57,B0012MI7N2
60,B00337FY76
123,B004CLYEH8
223,B000P1O73A
117,B0032ANC8M
144,B00B5HE1SY
59,B003Z4TPPO
158,B00425S1H8
95,B008BDBPTS
98,B0027EMHM6
85,B0039NLS3I
1556,B000VX6XL6
126,B003YH9DZ4
55,B00400NL02
56,B002KDS2BY
211,B00ARB5FLQ
188,B000F0ELOG
291,B001L6LG5K
109,B001OCY3RY
216,B00066FH1U
52,B000BN94F8
52,B000LSZ0Q0
97,B00DQZQPNM
104,B004G8QZPG
66,B000RQHAUA
75,B009A6CZ26
254,B0096T97OG
58,B007GJR7GS
70,B004F38Y7Y
56,B00CRQUKQ4
57,B002CMUKZY
80,B004COCMRO
124,B005I7X3RC
79,B003LVZO88
169,B002K0TU2C
404,B008LTBITY
297,B001FWBUUG
65,B001415FIG
110,B001GX6MJ8
65,B00EZSUVHK
82,B002LPV6LY
147,B002SSM5AU
207,B001G5ZTLS
133,B001FA1NZU
69,B009A6CZYY
131,B008R5SFT8
140,B003Y06336
135,B005CTKYB4
52,B002HU65EQ
152,B00698WP50
239,B00CAFPF26
87,B00489SLEQ
110,B0030MIU16
94,B00DR0B31U
64,B00BG5M93Y
82,B006PWGESY
54,B009X3V8EW
111,B00CXADBRY
460,B003VAHYNC
332,B004C3AW40
141,B0028ACYEK
75,B00698ZWOG
188,B000CS7U1C
132,B004R2VMWC
132,B004FLL5BS
619,B0073FE1F0
706,B004LSNF04
64,B009YGGKXC
89,B000F78582
109,B00FRMAOIO
137,B001078FV8
94,B00721TUNS
73,B00008Y1BX
53,B000MQNMQ6
75,B006C2H8UU
104,B005IR2J2M
125,B0001FTVE0
70,B002Y27P6Y
83,B009WHV3I0
110,B008GVOVK0
79,B00DLZOG2E
66,B00005QBUU
78,B002LITG7M
68,B00009R6WU
93,B001AHALEC
82,B00CRB9CK4
305,B004GUT1QO
148,B00EDSI7QO
251,B0038P1TP4
68,B003Y2KC7W
56,B009LVPYDM
73,B000BVCSMG
58,B009VKON0S
80,B0039NLS4C
64,B00FFF7DAK
177,B0001FTVDQ
55,B005OGQXJW
77,B00ANDHBNS
60,B001LDRNY6
55,B000H7GFWS
122,B000WL0I1I
78,B00009ZWC8
182,B008HY8XTG
103,B00BY3XOSW
80,B003U8CRGY
98,B004Q81CKY
137,B000RT8CM2
59,B00BB0ZTMM
76,B005RG99OU
368,B004Z4FBE2
103,B00004W3ZQ
243,B003B3P2CY
68,B0065DUJ0C
53,B00EDSI8HW
208,B008I636D6
133,B006TF37H8
65,B00HHRP11C
77,B0064P5I1G
105,B000Q30420
99,B005INJ4ZG
85,B0013A1XDE
76,B00DULMXTW
69,B00DM8R866
56,B00A4LAZMS
60,B004H1MCKY
57,B007FH1FZ0
140,B007X6FC48
672,B0057OCDQS
557,B000652M6Y
72,B0027Q4HXG
53,B001QKZ3OQ
151,B00AQUMZRA
321,B009NHWVIA
64,B001D9IWIY
103,B00E3AKF1C
666,B000MX48VM
255,B0057AVXJA
358,B003OC6LWM
59,B004BFZHO4
92,B004FEEY9A
284,B004YAYM06
58,B00198F89A
63,B008CBQSKU
81,B005KBB79C
66,B003OBHE60
113,B002GYPS3M
108,B000YK1JAG
147,B005D2JE2A
52,B000EWHH7I
171,B004RBX0GO
69,B0081UUYWA
244,B000F7QRTG
116,B003VWZE7S
290,B000M17AVO
65,B00DR9V1T0
100,B0018YHZHI
111,B001G5ZTZO
126,B001LXMF80
56,B0018CWY3A
468,B001F7AHOG
70,B00CS43I4Q
84,B000OEV88K
91,B00ATTVKFQ
77,B007KTY4A6
198,B004KSQANO
92,B005NFG1MS
145,B00DR0B7Y8
63,B001H0REVK
331,B005HSG3TC
152,B002KC55OM
101,B003BVVYSM
109,B000N7VPRW
52,B004RB7ATC
52,B005KJH8WO
148,B008DW95NA
201,B000E6NGBU
579,B00BWF5U0M
150,B0027AGK3M
56,B007SYKBL4
61,B00D68ZVY8
161,B00H3OYSHW
150,B000EVM5DK
57,B0026SKZO0
82,B005QBK63Y
352,B001F42MKG
75,B00BBMW8EM
71,B0017XMN7C
64,B0018O77Q2
60,B0015F0AB8
187,B000L47AHG
148,B007VL8Y2C
81,B00CD778LC
222,B008DVMRXG
80,B00DR8L7M2
85,B0087TESSQ
126,B004JKH4FQ
56,B000SSLR5Q
479,B002VPE1Q6
55,B004N85YBA
52,B003USS5JC
74,B005C298UY
240,B0017U0WM8
63,B0039RNGNY
69,B004YADU4A
62,B003IHV6XW
177,B006GQIIEM
111,B006IHRNUY
124,B0017H4EBG
221,B004R7A9YE
143,B00006I5J7
607,B004OB0EBQ
108,B002U1N95K
54,B007G51UV0
95,B00006I5WJ
75,B00796I546
182,B005PQTYHE
98,B002TNRTSC
381,B001RQ2YF0
98,B0058V2126
228,B00904JILO
126,B000BP8AY2
58,B006BU4TQY
792,B001TH7T2U
64,B00483DTMQ
75,B003EB0AXY
301,B0053OLY9O
189,B008ALAHA4
71,B009S750LA
61,B009X0167Y
313,B0058AH2US
124,B0093H4VBU
86,B000GZ6ZQW
54,B002C76W4C
62,B00A86QWN0
52,B000XSDKP6
94,B0001FV36E
87,B0031116K8
434,B002DPUUKK
182,B00BOHNYU6
87,B003XM5DT0
113,B004N62HZI
52,B003WKVVWQ
138,B002TLT10S
56,B003UOIMAS
88,B003DSEJWQ
61,B008GGH4VI
53,B004MKNQGO
84,B009B0MYLS
113,B001CZ9ZEE
65,B001DSIMAI
58,B00CAAJDP6
262,B0014J07R2
85,B003FWHTTA
97,B002SP2X5U
109,B0000A0AEM
108,B003Q9RERY
99,B002K9GCU6
184,B003VOW5WI
284,B0002MQGOK
127,B00AEV9MAE
55,B00164822W
266,B002U1ZBG0
80,B0007VMROE
114,B000FITKK8
197,B0007Z1M50
85,B00BKW2410
107,B002SRNS7A
83,B00005T3N3
67,B008X1BV9M
99,B006RG0QC8
153,B0095ONNTC
92,B0014YFC18
57,B0081EAK34
81,B001TK3D4K
52,B000FJUMWC
56,B009924TSY
187,B0015AE4CE
172,B004XZL980
68,B0015AM30Y
95,B009H0XQPU
66,B005G89KI4
98,B004ZMG55I
125,B0013OWPV4
566,B000ID7QNI
61,B00A9LHLQ6
85,B0001XGR1C
90,B0055MBQOM
56,B005HMCCNE
65,B0069OAHUO
120,B009FU8BTI
98,B001K38Z2G
66,B00551XMWC
730,B0088PUEPK
61,B00C9W27RQ
182,B002IC0YL8
106,B000P8X65S
134,B004XXQI1U
77,B006OW1J1M
197,B000204SWE
87,B004DBIKOK
117,B007T8S490
66,B004M8SVHK
162,B000ETXOC8
69,B006UMM15O
55,B00E7H8GG2
136,B002M3SOBU
75,B007DJGHF8
75,B007136BMA
72,B0052OZZYK
141,B008U5ZM6E
53,B009TCCTSQ
103,B003VWU79I
160,B009JRMBVG
120,B00728ZC1K
56,B0049ZE9JA
226,B00DB9WCR6
1710,B00622AG6S
450,B0096YOQRY
93,B002UDK9U6
102,B001CCLBSU
82,B002453K5G
56,B00CMKOVMO
154,B001FA1NZK
61,B007NJ3SIM
464,B000J01I1G
97,B000MYPPPE
54,B009EA7XKC
52,B004M8SWBK
188,B009DCNP9O
73,B000V0IE66
129,B006PWGEVQ
166,B001KB6Z2U
94,B0058G40O8
435,B003LPTAYI
68,B0032OZNDK
82,B00006HOKR
189,B008EO263I
125,B002TPFNXS
76,B001R4BBL0
122,B009UQZPA0
68,B002OB49SC
97,B0031RFVJ4
282,B005PSLFGA
85,B000WNG0MW
78,B0002H4YUI
64,B00CBDZ1NU
274,B000CSWCQA
248,B00009KH63
55,B0006HU49Y
64,B008GAMNBK
107,B000GQMHBI
244,B0074703CM
69,B00CCKDOYU
218,B000067O5G
145,B009ZIILLI
51,B004VN920G
92,B00114162K
63,B000P0R6LQ
371,B00461E7JE
75,B00009UT3F
112,B0059AK8HQ
67,B001SER4AQ
54,B00EI4V3X2
77,B000XRW09Y
208,B003B48UQ8
160,B00434OWDA
88,B001PB7UVA
81,B00427ZLS8
61,B0023Y9EQC
145,B0025EWXEU
55,B005FYNTIG
69,B005U8XJO6
94,B0053Y9WUM
311,B0092KRAVQ
108,B002BU0DPE
59,B004J0DY1O
73,B005LFT40G
55,B0018QNYVM
57,B002PXLQSK
78,B005QUQP6W
80,B0018BQR84
62,B00015GYU4
67,B00752R4QO
258,B004I43F9C
58,B0073JYZ48
67,B007PFS1JK
192,B00B0O1BWG
64,B00AXZY42W
75,B0002WPREU
77,B00B3X72OU
109,B007R5YGO2
51,B00198DM2K
346,B001EBE1LI
64,B002S9KTAW
219,B0048IATQ0
83,B002WNAFSU
70,B00008VWOJ
88,B004I5ERUW
64,B000P1NAMO
58,B002CVU4G0
85,B005GTO07O
64,B002SKVYZA
75,B0092MD8OW
134,B006ZH0KVG
62,B001Q2FM5E
95,B0032HM6HS
69,B003PEUA30
115,B002DU15TU
82,B00005T3H5
781,B003FVVMS0
94,B0002ZAILY
120,B008MPVUK4
516,B001F51G16
53,B009L04DCQ
92,B0009WKBGC
53,B003EN2VJI
293,B004WYA852
110,B009B0MY6S
96,B00D1KBG5Y
198,B009Z3SVRM
66,B000G18DR0
64,B000067G0J
72,B007RESFYK
116,B004D5GXOA
99,B0092U3TKC
210,B001TZWNF0
68,B00B1GHC58
116,B0002BEQN4
57,B003WUBL0S
70,B00IVFDZBC
611,B003VAGXWK
214,B0091PEC3Q
53,B001W6LGGS
76,B007PV0LAQ
192,B005BDAR5E
96,B007X6FCWA
102,B007Z419BI
69,B007136EDG
72,B004S76NH0
57,B001QBG614
285,B003VANOI6
57,B000UY1OMY
110,B000WG6XW6
67,B00DWMPM92
122,B006EWUOL8
82,B006ZCCH76
68,B00EFILPHA
227,B002RWJD7A
68,B00AAKLE00
299,B000062VUO
282,B005JN9310
113,B004Z0S6RU
60,B005HUH88K
79,B00AEMGGU2
66,B00269VU0W
360,B000HKGK8Y
57,B0049MV5OK
134,B0023B1364
252,B0063705PE
74,B004WITQ9C
127,B003M6FDS8
59,B003BEDPHM
250,B00F3F0EIU
125,B00005T3BD
98,B001E0RZ3U
153,B000FNFSPY
164,B004EPV7TK
81,B006WVR9GY
66,B0000A98AC
92,B000MS3VGA
109,B0023FTRUO
100,B000Q3043Y
77,B001F7ARTQ
74,B005ZUTAUG
75,B000TQ4D8K
140,B002LITT3I
69,B0037P5CAI
96,B000083KIH
59,B005PVXH18
61,B00923G46U
64,B003CJTQ3I
57,B0043M6F14
107,B0034XIL60
61,B004HYG9XC
55,B0015A8Y3E
183,B004QBUL1C
719,B005DOK8NW
228,B004CLYEFK
254,B000JV9LUK
53,B007CFRF72
52,B004763IJ8
53,B0052V6VAU
137,B008MB6ZX0
158,B000095SB6
58,B000KMZKTO
57,B007YCA6UG
89,B000VXQZA0
55,B000GU78Z4
51,B0026ZPTR6
238,B002VJL0OS
166,B004TLH7C0
131,B00H09BB16
62,B005D91G38
140,B001NTFATI
285,B008GGH4FY
59,B007YXA5SI
73,B00428C1I0
80,B008FQ5JNO
247,B001NS0OZ4
96,B00439G3W8
119,B00D601UC8
258,B001W28L2Y
66,B004UR487A
70,B001J2ZSL4
65,B0083B6HEQ
72,B001E2V7R8
80,B000I4UQL6
57,B004W86GQS
76,B0035H9A1K
134,B002FU5QMK
137,B002IKLJU0
58,B003IHUHGE
98,B005B9G79I
52,B0061XSBZG
134,B0000BZL5A
64,B00A6288II
65,B002BDU95A
56,B0071O4EKU
69,B0012W7HQK
58,B00C8NNZ36
64,B000A0CV9S
69,B0099TX7O4
59,B004HH9SS2
65,B000VK5BMQ
65,B007PNAQ9A
84,B000JLP5UK
101,B000BAX50G
149,B005DIBH10
52,B000TGC03U
87,B002B8WVVU
131,B000BFNOT8
144,B001EPX7N2
111,B00C9TECFO
67,B001157NBW
107,B002HK5AW4
443,B001FA1O0O
104,B005DIBFYE
471,B001MSU1FS
60,B00454YCWY
76,B00G9WHMCW
235,B000OG88KY
103,B0043EV20Q
55,B004YIFOPK
51,B0013FSKSA
53,B0049U3TVE
58,B00726185Q
219,0972683275
106,B004PYD9I2
51,B005KGNXTE
81,B00660H6KU
51,B007PZALFC
57,B00008AWL2
80,B000JVBU9K
103,B0006PUDQK
96,B001JTQCU8
56,B000HCRVQ2
81,B0012DR4HG
121,B006I0KL6Y
61,B00A17I8LA
283,B001ID829O
68,B0078PY0E2
76,B007ILFFS6
61,B00C25I5TE
66,B00G0JZT4M
95,B00009R94Q
140,B000092YQW
114,B005LS2GPI
56,B005DQG5SC
59,B008MI79HO
109,B008VMT2HQ
93,B003Y74AXO
84,B009W34X5O
239,B0043M668G
64,B0040702HU
267,B0000BVYTV
112,B001VEAI74
103,B003CVOK28
57,B006UMM2BW
381,B008KVUAGU
74,B0017S37IG
108,B00000K2YR
76,B002EOUUAK
116,B007TYUUPK
115,B0018MI5F6
71,B005UBNLFK
212,B000067SMH
69,B005DL2OVE
109,B004TM1JBE
180,B00CO1I29O
82,B003EGIE2S
83,B002GXIT6Q
77,B001IOPIRM
105,B00165XQWW
88,B00B45EOYS
60,B00436G2OU
118,B001GE6T9A
62,B004GCPJDQ
60,B0051UY168
60,B000GYI76Y
315,B000FOYMKU
180,B008ALA6DW
66,B004O4G3RC
81,B00006HVLW
114,B00FO12XY6
163,B004MMEI8W
63,B000JNYWBG
93,B00906E03I
87,B003OA8T92
66,B0045JCFLY
276,B004D8NZ52
62,B00AHPSTJW
69,B0042X8NT6
71,B001BZM998
69,B002K46DDC
57,B003JZU8DC
60,B001I45T9O
1003,B009A5204K
60,B002S53IG8
84,B005UBNJ48
125,B002M78JA2
52,B0037T16VS
59,B003B3P2BK
227,B00166EUI0
71,B00AF22NTY
171,B001UE6MIO
68,B00B5Q79D4
75,B002OEBO6E
138,B000OHYIDE
52,B002IORQ6W
83,B000ID6DTG
74,B007IL4ROE
56,B00D6GINF4
155,B005EZTUMU
113,B006I2H04I
58,B003Z5CX3E
62,B00IT1WJZQ
70,B000NU4OTA
336,B006Y0YZZ6
55,B00009UTL1
436,B000RZQZM0
172,B007B6YPAW
90,B001G5ZTPY
58,B004SH40BQ
92,B0036WTDHK
156,B004S50WPG
193,B001EYU3L2
158,B0042A8CW2
116,B002M38I2U
95,B008JCVF0U
65,B002MUYOLW
91,B00336G7FA
149,B002G1YPHA
69,B00HFAEBWG
63,B006KKS7XQ
81,B002NEGTTM
114,B001SEQN3K
54,B0046S54GC
614,B004I5BUSO
54,B00002NDRQ
126,B0000AZK0D
72,B0009Q56N6
137,B002KKFP9Y
123,B007SLDF7O
60,B0046W7Y84
58,B001EO6W8K
75,B002SWIOOM
69,B00GDHAT3W
53,B0000C4G79
715,B002WE4HE2
82,B00585CLSQ
192,B004MSQZUU
53,B00BGIQPSG
55,B001DFTGR4
133,B000YBH4YU
73,B008LCYIHK
104,B000Z4AQFU
131,B004CAHTCQ
211,B005UA3I72
57,B00CM1BN5G
454,B00007E7C8
112,B00024ENES
60,B00942TK8I
60,B000N3QU4Y
639,B00BT7RAPG
100,B007477COO
111,B007HBLX5G
102,B001FA1O1S
231,B00E362W9O
264,B003SWLRLS
65,B001G5ZTN6
67,B0013J0502
314,B008OHRJ32
110,B0052L77QW
114,B006FKPLFS
98,B00DVHV7TW
57,B006BUN6ZE
64,B005K1Y2GC
90,B00966IU4M
122,B004SP0WAQ
124,B00DW374W4
114,B000P1R9QM
277,B000UY3NR8
141,B00DQZOD8Q
106,B0047E8DN6
97,B0049V0ZX8
57,B00BHC7ZT4
68,B004KPS5UI
91,B003O996G8
176,B00DUKJ5CQ
54,B004UAU7CC
55,B000UXDHOI
55,B006WVVA28
132,B001UGMTKC
58,B0009W9WHQ
70,B004YU6TFC
258,B003UT6C9G
110,B0060GEZ0E
61,B007L8ZAWC
154,B00478O0JI
69,B000CSQJ8C
97,B00D6PTMHI
74,B0035JD0DW
66,B000NOUP0S
211,B00193U3O0
64,B000P9CEV4
136,B0002YE6FY
61,B00D7NZLK6
70,B00001W0EQ
51,B0028N6VN2
63,B00FOTF8M2
61,B002F9NSMQ
68,B000JO3N3S
75,B009A6CZ30
86,B00E6HG1XI
57,B003IRR0YQ
69,B002N1J7DU
55,B000Q7IA5E
97,B00CQ35C1Q
809,B000A6PPOK
88,B0079R8KO0
478,B00609B3J2
126,B0007U9SOC
58,B00006HYP6
51,B0017LNHY2
67,B001P05NKG
76,B0054VNHSW
53,B001B11GTQ
66,B000PH1DL8
112,B004UQ05M8
294,B009X3UW2G
121,B007V5A1BK
79,B006K551WQ
81,B002H9LNGW
128,B007SP2CO2
60,B001T0HYJA
71,B00JC5Y6YA
52,B00752VKSC
52,B0042IEVD8
64,B006BZTVQM
107,B000J4WPW8
83,B007HZLLOK
83,B0020ZDI5C
109,B005LN1JEC
337,B007PJ4PKK
95,B00846V35I
254,B005J4C820
61,B003Y54NPQ
58,B000UB7WD2
56,B004AQ95A6
54,B004XUCCS6
231,B0097252UK
61,B003GAJ67Y
150,B00CL8F98W
71,B002TLTIS8
104,B001PBYQHG
125,B00475WJEY
120,B00BSED7S4
55,B004BU6ITW
322,B005Y8BYOE
497,B00093IIRA
113,B0018MEBNG
113,B000AO3L84
60,B000ES8EG0
126,B003Y6UNI6
159,B008OEHV6U
61,B004071ZX0
99,B001BAW7P4
61,B0016AQ930
68,B00F5JV4NS
72,B00DR0BQ0I
255,B008JGR9MO
60,B00AEEDRFM
68,B009B3R2QW
94,B0092QV9GM
68,B0035WTVWI
129,B000812QC6
127,B0055QYKQO
71,B000LP0R3E
117,B000UZN2ZK
99,B005VTGCE8
64,B0002EPWC0
97,B000EPNDEG
150,B00A2L3J1Y
110,B0057QETGS
533,B007IMPMW4
71,B00006B7DB
53,B00EMHVVNM
58,B000EDKO04
377,B002M3SHXA
71,B00449F6I4
407,B000EVSLRO
108,B00000K135
73,B004ZF0PXI
75,B000JJSQ30
71,B007RIFKUS
84,9983891212
64,B007NJ0S1W
64,B00DTPYQBM
153,B00840353W
83,B003YKG2W8
56,B000LQMKDS
69,B0092HWU2I
51,B003819R2U
310,B0019X20R8
52,B00FZ9SM4M
68,B0040FHB6C
118,B001SJVU6K
168,B00946XHI8
290,B00B9996LA
72,B002DW0VT8
53,B002NZVCRA
126,B001DJ64D4
106,B004S4XNEO
85,B000FGNM6I
413,B000CRFOMK
55,B004I3VZJK
51,B005EWTKN2
90,B001B0APOO
66,B007Y8DJ22
478,B00426C57O
96,B002XN7C6W
128,B001769K3O
448,B00829THH8
77,B00005T3C8
93,B003WPTBAK
57,B006FKFZB8
95,B00007KDVK
115,B009K62HQ0
56,B0002WPSB2
140,B00AFSN8UG
81,B00FW6T36Y
65,B00008OE6I
79,B004BV4JXI
114,B002Z2QDNE
297,B0002LEMWE
118,B004PW04B4
71,B000MFG44Y
71,B0071O4EZK
68,B006I2H0YS
63,B006PP3ZK6
103,B0098OCKDE
83,B0051BG48U
75,B000NB05MO
208,B000AZ57M6
299,B0051G5SBY
172,B003X26VV4
521,B00902SFC4
56,B002VPE1X4
113,B00139XOCI
56,B004X355Y6
265,B008F05Q2E
203,B0082E9K7U
99,B000A3WS84
657,B005FVNGRI
83,B002UOUQ08
274,B005E7KMH0
144,B001E78UQY
68,B00006JQ6C
67,B006OSQALU
66,B005QF2NCW
78,B005HY4UOG
80,B00752VKFA
216,B000067S60
277,B000VM60I8
65,B005BON4K8
187,B0000CE1UO
72,B00013MSUQ
92,B005CWIVYI
57,B0009JR41U
131,B0009H5VVM
70,B005N8W1MO
52,B00303G9F4
59,B005EJ5L24
71,B00404JF80
62,B0058P5S9A
190,B003NREDC8
54,B002IWP87S
101,B00A2T6X0K
71,B007AHQMTO
71,B00139JBU2
153,B009NXFLWW
101,B003C2T03G
87,B008KEPWMY
323,B002RCNX8K
122,B0021Y73W6
109,B000CQPWMS
116,B004AM610M
66,B004J6BIJ8
80,B004YHXXKO
64,B0084JFM34
203,B00GP4BVTO
77,B00CQGTS04
65,B000TXNS6G
214,B0015A8Y5M
270,B005TJAXN6
69,B008H2FQSE
75,B00007E7K9
224,B004YW7WCY
54,B004SHKELG
91,B000FL9E6U
111,B004FPQJGK
63,B0009V6TL4
205,B00387G6R8
114,B003VS9UP4
52,B003ZSHNE0
68,B004D4R9VC
65,B002J46IYW
259,B003SX0P1A
94,B005H3Q52C
297,B00066IJPQ
170,B000EY5F5C
192,B004CGHDEO
179,B00829THVO
59,B0036UUST4
80,B006DUDWXI
179,B007VGGFZU
94,B00BCGRVSU
357,B004CADY9I
98,B002FU5QM0
228,B0078LSTWU
72,B00006HSYC
78,B0000BZ2WA
131,B000PMGZDO
52,B0014F9H4K
52,B005OU6D3Y
90,B0037D51FQ
516,B00109Y2DQ
67,B00GC1ZMYA
78,B00AEKEA48
140,B005KN1YV6
107,B003Y5T464
89,B00006B81E
275,B005IQRMN4
62,B003PJG8K4
143,B0038KTAXW
63,B003WVFAO0
53,B002J47Q3O
153,B00A83I8G2
324,B004U78J1G
52,B005L2NTTQ
144,B003T0EYVE
89,B007KZQMO6
300,B0001Y7UAI
53,B0067US1R6
72,B0071LSAR6
172,B004WR125O
166,B004YI9NTS
133,B000V5K3FG
74,B00B4OCWE8
222,B0000AI0N1
1339,B006W8U2MU
59,B00CA66YGQ
80,B003YL3KUO
62,B00DIHVL2I
148,B009XNBFJK
170,B001IOHAVO
68,B0047WZOOO
64,B003XZSZWO
161,B002Q8IHDQ
71,B0000BZYPD
299,B006U1YVZ8
88,B002LU80QS
65,B0000DK5LW
144,B001CJOLBW
98,B002J9HBSE
259,B001EPVOQY
121,B00695LU5O
85,B000FJD5IA
55,B002IX56RE
230,B002NO7PWC
68,B004YKXGIK
94,B002FU6KF2
53,B0000510T7
183,B00CPGYNV4
117,B00CGW74YU
93,B0057FRTPW
114,B0009GZSSO
55,B007A9NSR6
2069,B0074BW614
82,B002TZAAT0
52,B00A83XUM4
158,B000XHS4SK
185,B001MSZBNA
58,B003HIWHN0
405,B0009Y7APU
217,B003ZUXXWO
80,B0011UK2HE
98,B007RZB3KM
64,B00EZ9XGGC
198,B005UFZ7F8
69,B00CIRLJPI
55,B003B01AHS
136,B0056YNA1Q
53,B00B8PRRTI
155,B0026COIQ2
721,B004NY9UV4
63,B003OELGGG
115,B0007QN18U
57,B000B63KSM
86,B003LVZO92
51,B00B14E4V0
660,B00A3YN0Z0
65,B000QIZXHG
53,B00DFEXXPM
68,B003DZ167K
59,B003FVI2KQ
62,B001U3S5S0
273,B000V1MLBE
95,B0073HSHJY
60,B002SKAP46
83,B001DZFYPW
130,B001AZ01EO
70,B00267S7TQ
65,B0009HGVZW
120,B009LRR5AQ
103,B000B9O83A
61,B002HFWBIA
184,B008AJLPYS
95,B00608XLUM
195,B00728ZBA2
70,B002GYTPB8
108,B0085WN7YQ
190,B002OGMNT4
79,B004JMZPJG
238,B004NBZ98K
92,B007ABANFY
598,B001GTT0VO
301,B001B1AR50
54,B009BVK1YO
112,B007L6NYAO
73,B0008D76L0
186,B003P92D9Y
71,B001GGAIGI
55,B005EIH4DE
324,B008F4NL04
62,B00AR95H0W
54,B002Q4U9PY
133,B001GCQ3KM
185,B00932N46S
98,B00505F01E
54,B004HO58OI
51,B008XG1N72
53,B003E2T13S
58,B00AMAJGOO
72,B003M8NVFS
138,B000Q6UZBM
115,B004SCSV2U
64,B0025T1HM4
57,B0013FLTNS
229,B00BXA7N6A
75,B005Y586QQ
64,B0072DKWQ0
60,B0065VKQ34
109,B004N866SA
67,B004T9RR0E
70,B007BYLO4E
52,B00GMGDFPI
131,B005058B56
191,B000UV4EU6
51,B0000CD0B7
109,B00AI07F1Y
139,B003D5MY5I
150,B001XURPQI
120,B0012Y02CE
51,B00ATANVLG
215,B0061JPXLU
153,B005MTMFHU
68,B00119NBEG
63,B000I97FJ2
70,B000VRBLMS
188,B006JG5S6K
60,B002UAR8JY
61,B0068GBXSS
64,B001NLV4TQ
131,B007YWMCA8
356,B000SMVQK8
85,B000V4PZCI
56,B001T9CTS2
62,B00095W91O
77,B000O5U150
59,B001XURPR2
380,B001ELK2NY
82,B00009UT28
81,B003VAHYXW
283,B004V4IWHY
80,B007IRBNRW
67,B00F3L19KQ
203,B00D429Y12
182,B00004WCGF
59,B00A0HZOEA
268,B004VM0SE6
220,B002PAX9QU
418,B00081A2KY
143,B002FFG6JC
200,B002WP2QGM
82,B004WMGT1G
157,B005NEZDUA
75,B007K94I2U
229,B0002AHT0M
137,B0018QNYSK
68,B007R21JJK
67,B0011E324K
90,B001CBKJGG
104,B0016D1I0G
226,B009UZ3TF4
138,B002FYL7PG
115,B005OTPVMY
61,B000Q8621C
117,B0038KR8WM
103,B0037TEO3K
60,B004RDFXAI
90,B001PUSERA
157,B001XHBNN2
136,B001DLTDQC
103,B000NK5Z8Y
108,B001IEZX3G
54,B00EPQ97C2
60,B00449KSKK
417,B00E98O7GC
68,B003GDFJUO
66,B00603RS9W
311,B007SZ0E1K
76,B000068O3T
60,B00BCPIFC2
57,B009MSGEHO
82,B001CGXM6K
80,B0007N55NM
67,B002KL0VY2
431,B006EKIQYM
201,B006JINHYS
284,B004HCO4GI
104,B00EFE9OAE
61,B005PVXIWQ
161,B00BFIJQ10
59,B00009R86L
76,B00BB9OOII
51,B008RVPWMK
107,B004M8SCHO
54,B005KWPJ04
92,B002B4P788
163,B006BZ5OHW
65,B00HWSXVDG
76,B0018CJ9LA
127,B000L9OIQC
186,B005MTME3U
70,B0098TG67U
147,B001EYV690
130,B003ZG9T62
118,B0031U1ATQ
168,B001GTTEBK
209,B001W26TIW
66,B008YUNK46
59,B0042E54LA
101,B003WU6KFO
94,B0098Y77U0
365,B00CMQTVK0
93,B007L5NKZO
191,B0002CZHN6
131,B006YLYYZ6
85,B0056YNA2A
325,B0011U65F2
107,B003ZHV70M
86,B009PHSDBM
77,B003C2QS90
59,B0030XXH1S
59,B000KIR8M0
195,B0007Y794O
739,B004SBBD8U
79,B00456V6WG
222,B003S6AXVO
60,B00061UISM
98,B007ZZ6OW6
86,B00006B8K2
61,B005GTKY24
113,B004JZI78O
151,B003QKBVYK
128,B004SD22PQ
53,B00DR0BOSC
67,B00021EE4U
80,B00AWYN0BU
101,B002PHM0XQ
53,B005NX7HY6
129,B004I4BS1E
219,B000M87F0I
64,B004O6MN7E
68,B005HFYE1O
51,B000WOIG8C
51,B000IVDIL4
53,B00008VIX2
193,B005VEZ550
137,B004MFQ2I8
109,B00969J3EU
150,B001TICH08
175,B0076POAI0
297,B00428N9OK
79,B00D6ZVNUC
55,B00752R4S2
171,B0009RGLSE
822,B00AJHDZSI
168,B001P9EQH8
81,B004ULOZPQ
67,B005BLO21Q
75,B000AY5Y5W
142,B005KQ2O26
151,B002HU27UW
69,B00001W0DI
103,B0011TM19C
563,B001S2PPT0
83,B006DDT6JO
81,B001NIEK3Q
52,B002E9HHYM
77,B004V9F61O
98,B004HHAE9Y
119,B002SFDJMQ
66,B00CDGSNKS
54,B005YQY5TM
114,B00004ZCKV
1270,B00E3W15P0
207,B001T99ZTI
65,B00B7N997O
54,B0035FVHJ0
96,B000OFSN4G
81,B003BYRGJ0
54,B000BI1XNE
59,B00CEO4SH6
60,B000OGA81Q
71,B002M3SJ6U
132,B002IKLJVE
53,B005KELR3A
108,B004HYFX0C
101,B003YKG2UK
81,B002I00730
60,B00FY2SBR8
54,B001CN9K6E
187,B0000BZOGJ
89,B0002J28NQ
116,B00DE0EPCM
65,B0000C8VEK
117,B0044XTJ10
392,B0011NVMO8
77,B008OQLM18
310,B004UL34EY
55,B005JK63RA
62,B0009WG6KM
73,B0062AYFWG
142,B00EOI2SR2
56,B000WPXQ2M
335,B003WV5DJC
208,B00889ST2G
643,B000R9AAJA
76,B0009GZAGO
72,B00F19Q7YI
57,B002VPDOHS
77,B000OH63MI
60,B007LI1UOE
60,B0089L4TL8
220,B0011TS8LM
1258,B00004ZCJE
62,B000N4WRFY
57,B0000A1VS3
54,B003962DXE
71,B009A6PJKQ
60,B000YA1XU2
87,B00752R9SM
81,B0034JWXBI
71,B002PV3UO0
304,B003UH0Z9Q
132,B001A5FH9S
187,B000IN09C8
91,B002VSM7LE
175,B0029Z9UNC
293,B0077CR5RK
110,B00HPM1FZ0
74,B0068ALV8Q
103,B000BONJXU
70,B00126V8WU
80,B000E9U9GC
129,B009ISU33E
155,B005H3I38Q
53,B00AQMUE30
59,B001DKO7R8
86,B001UQ6F4S
100,B000SEQGT2
65,B001J30FZM
58,B004X8R7VA
89,B0028R3NCU
66,B00AGAS6XW
58,B001G9TYHE
78,B000075UZ7
800,B007P4VOWC
154,B00B7JLZQQ
68,B0025PKFUI
79,B00475LJC2
64,B00078GLJY
420,B000JNQSIQ
69,B00149PA42
82,B00H09BOXQ
231,B00008Y0VN
60,B00JDAIMQ2
55,B00B3Y4FAS
64,B003Y35VJA
53,B005H4Y6U4
197,B00081NX5U
64,B000DZDTKU
73,B000P8XLFS
55,B002BDUAEK
71,B000HZBR64
59,B0002A9RFM
118,B003RAE19Q
77,B008X9Z3UC
227,B008XV7VTG
769,B002JQNXZC
68,B006JO1YVU
56,B0000AQI9E
70,B0015BYKGI
66,B000NLSGA2
99,B001DJ9GOS
55,B005GSPN6M
1424,B004G6002M
95,B002KEA8OM
79,B0046XUMDW
243,B00INNP5VU
82,B00000JI4F
80,B00505EZYM
156,B008C1JC4O
416,B000NMFCIA
67,B00FG38L16
651,B008JJLW4M
160,B002RYYZZS
276,B00EVVGAC6
99,B001DFZ5EW
104,B001NPDA44
201,B002HWRJBC
237,B004R7P28W
74,B002K7EJDK
52,B00CALLZK6
80,B000056SSM
92,B000R5LWRI
54,B008GXL2VY
62,B003F5NS9W
94,B0042I3J1I
596,B000IJY8DS
84,B001TODUXA
70,B009NHU556
77,B0009RKL5S
104,B007FEFQDA
109,B00009W3TY
590,B0098F5W0Q
107,B008OEHPPM
60,B005KSATVC
195,B005NC8BF6
52,B0002J2P2A
133,B002JCSV8A
99,B009VN9F0S
69,B002FRLEIS
163,B0007WK8MQ
331,B004TIIBMS
113,B0012X43P2
65,B0036VO6IC
74,B003UVVGHW
56,B00BJ1COYO
158,B00001P4XA
63,B000NFIW98
78,B000OG4E2U
58,B001NJSC0M
184,B001413DF8
52,B00HG1L334
59,B0002ZAIM8
64,B000QGBC8C
55,B0061GQ7PO
60,B0067S8IZ8
192,B00APP6694
52,B007TSREF0
67,B0056VP0KS
54,B00BU4OV50
54,B0081O0U2K
142,B0007U0GZM
464,B003WGJYCY
105,B000NUBY0C
257,B00FB45SI4
337,B002ZCXJZE
162,B002U6KT8U
141,B0050M92CU
85,B0092YMZJY
56,B000M4J2LM
80,B003G2Z1M6
76,B00A659IJI
94,B007471PZQ
51,B000GBO9IM
109,B004LB4SAM
83,B001G445Q4
153,B00140DBRY
69,B00ATM1MHO
202,B007SZ0EOW
80,B006ZTMEZ4
61,B005IPMIBQ
54,B00G0OYHCW
58,B000ER5G58
69,B009FC3YJ8
194,B0015TJNEY
297,B002LARRDK
681,B005CLPP8E
75,B001G4QXLE
106,B0057CVH6W
63,B00DVKORUU
249,B004WB8EYM
59,B002JH3TW8
82,B00023KG40
66,B002I0K3Z2
780,B000HPV3RW
70,B009AR2MQO
88,B00EUY59Z8
371,B00D856NOG
1917,B006GWO5WK
67,B001L6LJJS
85,B009BXXXL0
177,B008EC4O76
67,B002FECHQ4
56,B001P9XHHI
112,B00A39PPCG
103,B0041RSDXE
62,B000XPSH70
94,B004I1GHY0
52,B001UE6PE0
97,B008ULPAT2
254,B005Y1CYSQ
90,B000O8JZIG
92,B0039BPG1K
56,B0032GU1LW
571,B000B9RI14
137,B00006HYPV
136,B00155RGYM
82,B0002WPSCG
79,B000085BD8
77,B008IJRAAS
188,B004T9RR7C
132,B00006JQ06
53,B006AR2SKW
72,B00AHPSTRY
65,B004MB4FEU
118,B00B5HE3UU
161,B0063K4NN6
100,B00A6P0EBO
279,B0029N3U8K
116,B007FL7GGS
72,B003ULJU2A
55,B0034XBFJU
428,B003XIJ3MW
440,B00D5T3QK4
52,B008PEVH0K
61,B001715BIC
103,B0000UV2AW
61,B002PY7P2K
105,B0015EA3NO
57,B001SER456
76,B0035PS57C
53,B002P3KMXA
109,B00DR0RBV6
68,B005X0JTP4
123,B007QXLIWI
111,B001CHTJ8O
59,B008Y1KK6Q
57,B0007N33IQ
103,B0035LBRJO
127,B002YAOS7A
577,B006TT91TW
412,B004M5H660
206,B001FWYXD2
86,B000UU7ZPS
76,B002DP1FTU
592,B001F7AJKI
244,B00004SB92
207,B009B0MZ8U
56,B003VY83GU
67,B00F19Q7AC
94,B004B52LHU
52,B0090CVJZ4
117,B00310PJM0
66,B0007UVRVO
66,B0012GE5DE
127,B000HGIWN4
83,B00BD7UVO4
97,B0047XRVWQ
52,B007U5MGDC
122,B0041OYS36
61,B00AX49VBW
52,B0043TV8QO
96,B00004Z5PY
146,B002CMLDT6
495,B00829TIA4
53,B00B17C5KO
137,B001N4KGNS
78,B0090C7A3O
57,B0058FAYPI
249,B001SJVU24
71,B005HWC6PI
86,B004071ZXA
110,B004TA0AUW
74,B00GSEOV7U
64,B004I4YOUG
67,B000F2KUK8
52,B003B8VBJ2
113,B005CWJB5G
110,B003RRYAXQ
74,B006ZH0KJS
57,B004M8SBCK
58,B003JLPWAK
72,B009WVJ9VE
71,B000A6NUU6
60,B00A1ZRL88
283,B0057WXF6C
72,B00BC4SJEC
109,B0002EQU6C
107,B0032HM6JG
51,B003UVCSZ6
68,B000UWYM5C
127,B0002QLQ96
119,B001I3X3HU
53,B0048HUNSK
61,B001ID49BO
248,B00005NIMJ
99,B005HY4U46
212,B004ZGLM5W
75,B0009NEUO0
120,B0006ON0QQ
86,B000JFJZGG
59,B001DZJVO2
65,B001FA0AM2
64,B001E0Y3KI
126,B004PA2B6C
64,B004LNOSQO
1120,B001TH7GSW
322,B008AJNF78
98,B000W5RBQE
432,B006JWMOOI
94,B00001P4ZR
94,B005LJQPE0
159,B000L4D42Q
65,B002IFPY2O
72,B00JC5Y6WM
83,B00488G6P8
886,B000JE7GPY
57,B0015EDVVU
54,B000MEANKQ
60,B0009204RI
79,B005FDWE4C
214,B0045371FU
139,B003CVLTCW
61,B003FWEQDM
120,B002ZIVKAE
71,B00005LENO
53,B006PL97C0
233,B003C1AO2I
195,B005UG3KS8
73,B0057Q4ADU
163,B000WH6H1M
178,B003WUX6PG
64,B0083EZE4M
58,B0000DK3I4
82,B005518J6Q
116,B003VAK16O
67,B0029ZA78O
117,B007PPYXOC
95,B009XCCC52
489,B004LNXO28
1018,B000I68BD4
59,B001CCGYU0
53,B003O2S080
75,B000097O5F
239,B007G5NNOW
130,B003VYH1UE
133,B0094NXBZ0
55,B003JOCR14
155,B005KFONIU
126,B0002IOIMQ
174,B000RZDBM2
163,B00DBX371C
126,B007M58WWO
145,B003BLQKI6
57,B002QGDWLK
130,B00906D9YE
59,B0071368WI
59,B0007L8BT4
71,B000R9J5OG
60,B0002E1RZQ
81,B008U68UHG
65,B000F34IA0
129,B00006B9CR
73,B00333F2YU
56,B0009IRUKG
181,B005B28DOM
92,B004HIN7SI
78,B0048NBPQS
54,B000EXU4YK
81,B00378YPB2
174,B005IA843W
128,B00AR0M7ZE
69,B004S5CCP4
64,B0054LQK0E
158,B000TXEE14
114,B008IYCQSO
259,B000EXS1BS
54,B002OMX0XQ
259,B005ES0YYA
101,B005HSG31K
139,B004J4VYG2
218,B005B3VO24
191,B004J3Y9U6
105,B00062UW5A
112,B0013CXZZ6
112,B000W09ZTK
89,B0039BPG4M
93,B001DFZ5II
61,B0006BGV2Y
111,B0014H16V0
62,B002VWJWWC
106,B0032R6CPK
168,B00009UT9B
65,B003GALRIA
90,B002CSRFD8
74,B002CVHURQ
66,B00A0LUG30
115,B0039825LM
93,B001CB0RSG
118,B0016IXEWG
418,B008MDSWI4
60,B00DNVA184
303,B003ES5ZR8
77,B005B6O3LU
145,B001413D94
64,B0000668YX
138,B003WOL4VK
71,B00EXK14S0
150,B004M8ST36
113,B008THTOKS
216,B003ZYF3LO
77,B000WKPHHO
55,B0038LILTK
109,B00G4UQ6U8
51,B00004SY4H
266,B005OFFH5Y
381,B001QUA6R0
200,B001FWYGJS
583,B005C31HC0
117,B000WBQOZW
76,B003ZDO2LM
328,B003SVSJ1K
106,B008DWH00K
85,B0012GDOQS
63,B009ZGK6QS
505,B00AAIPT76
65,B001LYX3MQ
65,B004FG16MG
1154,B001TH7GUU
58,B0017H4G0A
119,B0077V88V8
52,B00BQO56Z8
86,B004GGNBJ6
160,B005E1CGZC
85,B000HZGQ9C
104,B004LU1CA2
66,B004HG056M
100,B000HEW0KW
72,B006R3231I
55,B000TG4AGU
68,B001G4ZA6I
103,B0035P4C06
51,B001GSX7R8
56,B004JOQSEA
95,B000WN00FK
128,B001DXGBII
61,B0007XXHNW
68,B006ZC5PDE
55,B00005115S
186,B005S0BYQ6
66,B003FO4UHW
98,B002TUC64W
68,B002DGTGNG
86,B002ZE4TDI
61,B002FB7IX4
57,B00AI95DI2
64,B00DT04I9W
108,B00366KE3I
94,B00JP12170
245,B00104XCVO
435,B004286VMW
323,B001PIBE8I
58,B000E204LY
126,B00125Y0NU
61,B0012IJYZ6
78,B00009W3E2
61,B000E1DSAE
59,B001GUPEMW
216,B002QUZM0U
62,B0014DURIW
143,B00BBD7NFU
101,B005PUZOYM
172,B008F537KC
51,B000M51NRM
71,B002PO15GC
426,B00006JN3G
92,B00AVBDGHM
125,B001TSMJDS
77,B004VFGJQ4
58,B0082BZY4G
66,B00461LT6S
95,B004Y4XVOK
78,B005N3L71K
61,B005HY4U5A
55,B0034XRDU0
68,B009K916ZK
108,B000UD3NTC
186,B00F9FCW7K
926,B004T9RR6I
131,B003ZTWYXY
91,B000652SOK
143,B009CP4PIW
912,B0053NBLFW
239,B008LURQ76
1304,B008OHNZI0
66,B001TANZ0W
86,B000233ZMU
51,B00BRMGQIA
170,B00794RDVY
99,B000AV14M2
53,B001TYRJWS
95,B005SZ66XM
123,B0019WF4FE
99,B000Z9R2QQ
56,B001T0HYCM
357,B003SGCO3E
90,B007KB0EGC
65,B006YTZUA6
208,B003SQEAY0
97,B001U02JZ8
66,B004NEUK86
94,B0041NFIBS
74,B0085DHPZ2
75,B003FMU320
225,B00004SABB
95,B0079MX4Q4
285,B002FFT8Z6
177,B0052RM8T2
51,B00E3K94T6
99,B0013FW8XS
60,B000F744T6
86,B000WKW69Q
78,B00C46K0X0
193,B004RE20M6
54,B004CJ8DKE
116,B005GM1Q1O
66,B0014S5FVQ
64,B00DC9TN72
80,B001FA1O0E
257,B001WM73P0
112,B008GGB342
67,B009VK26J8
283,B003NSBF32
110,B004NQU4YY
113,B005C6CVAE
67,B0093GIME8
144,B000EHUE7I
87,B001RQ2HWK
61,B001P2R1RW
94,B0002XN3VS
95,B0018BTPLK
70,B008TX0RC6
118,B002JCSV8U
70,B00AI3RRAA
100,B000EZL1EA
64,B00009XVCU
70,B005CKQF3E
104,B004O0TRD8
220,B000HCT12O
84,B0010YWPZ8
80,B001PVUIL4
177,B00CDIK908
121,B001423GZO
56,B0002Z45DQ
133,B008FO7PQA
127,B000VW2QRM
94,B001FA09WI
65,B0098Y77N2
55,B000067VBM
170,B0016LFN2C
55,B0040X4PQI
79,B0001A3N6C
62,B000XPS3U6
57,B005BZNEKM
531,B003VANO7C
72,B005DPURPA
75,B007L8Q75G
51,B003SX0O2K
725,B002BH3I9U
143,B004HO6HYS
137,B001S2RCXW
101,B0007DDK7A
63,B00008KWWF
189,B002IC0YLS
177,B000BI7NHY
93,B00C2P61FO
164,B005S0XYKK
60,B00009R6GE
117,B000RZNI4S
119,B001UI4EQC
65,B000ONDRDU
69,B008PTTMGQ
69,B0000U19F0
94,B007X9QIXO
140,B008OEHPKM
252,B004JWA70I
55,B00EMHVVLY
110,B001Q6TZ5S
62,B0033ZBBY8
108,B0081F2Z40
61,B006ON5KZC
65,B005P99KX4
89,B001TQ2PSO
120,B000GK8LVE
54,B0018LO1R8
143,B001O5CCQK
117,B0046E47IM
99,B000V1VG5G
1210,B007I5JT4S
289,B007NZGPAY
136,B003ZHTNNK
78,B001UE8KUW
97,B0076POAJE
141,B007JPVT8G
54,B00012EYNG
144,B0046RE21G
68,B00192VWVY
129,B0041OSAZ8
190,B0009MIP8I
76,B003ZX8AZQ
256,B004SPVZKW
67,B003F7WXTG
67,B000NDA5E0
75,B00358PRCA
85,B003LZ5SM6
115,B002N2EHVQ
83,B003HKRVAW
129,B001FO4QHI
59,B003Y2ILB6
116,B000A0UHXU
79,B00134VVKU
411,B003ELVLKU
51,B002LRMOPO
71,B0033BU0F8
148,B00BB0ZSIC
55,B000068NYF
59,B005TUQU00
57,B0075W8D7I
134,B00698ZUHK
114,B001JTQUYG
238,B0014Z29OU
52,B006DNXE24
63,B003CJQ69A
174,B00000J1V5
54,B0079EVQ2Q
69,B003B3P2C4
169,B0090XWU8S
81,B007JLE84C
184,B0002U1TJY
856,B001NJ0D0Y
77,B000UY1MB2
243,B000UWX70S
74,B0025UHKNS
114,B000I20AJ6
134,B004AGX4YO
83,B0009N5MCY
98,B0015HS1HQ
96,B00DUN2PBQ
101,B004SBBDD0
52,B00BB9OOFG
69,B004BFXBXI
54,B006JRIDHK
59,B003547GRI
164,B0040VGBYO
51,B000UE8JWM
95,B0013441J8
150,B001ENW61I
60,B009UQ2JR2
67,B004OOS35C
93,B00AGOSQI8
66,B001TH7GT6
74,B008QZTJH6
96,B000JV9NL2
124,B001AGM2VI
59,B00023NDLS
60,B0043XZEEC
63,B0041G62TW
87,B0027YYMU6
251,B005GI2VMG
52,B000F5FKHI
306,B008RDI0TU
96,B00328HR76
59,B003FMUP0K
52,B000OBJW1I
391,B001TIG36C
108,B007C0Y8NQ
61,B002MG6OO6
82,B00B3329WA
282,B004PEIG12
56,B002KY2OU8
566,B005ARQV6U
116,B0029631VI
129,B00004XOM3
57,B0009ON12G
52,B005LT05Q4
60,B002DMK1R0
86,B002LARRDA
54,B000HAVVKG
182,B004WO8HQ4
90,B00BYOE4C6
176,B005O74J7O
54,B006P4DI5E
75,B005CLHOM4
78,B0046SQ8VW
770,B0038W0K2K
99,B003ODSVMY
119,B001PHLMAE
142,B001QNBUA4
107,B005NGLTZQ
70,B00E83XHXM
53,B009WQOS1U
60,B007N6N1NC
57,B004N85YB0
57,B0084FM5JC
574,B00AWKC0JM
235,B008TCUXLW
59,B002X3VBFK
68,B0043862N4
68,B003L171KW
66,B00EN27SHY
447,B001TOD7ME
55,B0033WWAF0
202,B002HWRZ2K
89,B002JCSV5I
64,B00243HHNY
90,B009W34X1I
71,B000JNG45I
123,B0040RDT0M
60,B00395ZQMK
80,B001LYUG3A
116,B003BRNZTM
51,B000HDZAUA
135,B000X3FAJU
73,B003TUMDWG
58,B00322PYZO
91,B0034CSUZ8
51,B0068SV23W
55,B004LZ5XMU
96,B003CH1SL8
363,B007YUISN0
106,B000EOSHGQ
81,B007136D46
59,B0014Z3XMC
74,B0091JMYWI
85,B00081A2CW
66,B008V3TH48
65,B004WONCQE
107,B000X9O8SI
70,B008INVV7M
150,B009AYLDSU
107,B001F7AHXM
83,B001O2T43M
114,B004CLYE8C
60,B005C8RTTU
64,B000I1D0BW
91,B000V1XICU
100,B000J47W12
218,B0041MY32Y
122,B004TKTOWC
102,B003YNQ6MG
97,B000WR3Z3A
60,B008EOK08Q
121,B008NENG1A
131,B000WFZRZG
52,B005QBHNTY
51,B003LZ6F8M
58,B00CDS9HTM
112,B00D1GYNT4
144,B00DR0C96S
160,B002TMRZOQ
74,B002OL2NT4
142,B00CRFK24K
69,B008HO9DIG
186,B001QTXKB0
386,B003EO1H7E
56,B006LP0FXA
151,B0054YQO5C
90,B001GIPSA2
51,B0001MKU48
62,B005LJO7JK
1388,B000BQ7GW8
71,B0018MB9U4
83,B000T8THL6
129,B0055QYJM4
72,B0007WK8KS
309,B002HHLOWC
129,B00BYRPM9M
2542,B009SYZ8OC
79,B0012YHQVE
51,B0040JHMIU
226,B004GZRE1S
62,B001NJ3H0C
76,B0027ZGN2A
237,B003CJTR8M
137,B001TK3D4A
93,B001GT185K
106,B003CYKYVG
51,B0057WTEWQ
57,B007JOO4YS
126,B00EOE4G4E
84,B00COF7DGS
72,B00F6E8OUS
55,B003BT6BL4
84,B002OOWC3I
53,B0045EOWLU
81,B0067XVNTG
60,B000P9I6B6
57,B007M8SGW2
52,B002TLSOFQ
71,B00AG0BLWU
2813,B002WE6D44
162,B008NCD2EI
200,B0037NX6JY
682,B002SGATH8
1884,B005FYNSPK
66,B004COIBFG
98,B00065AO0K
133,B004JRYLG4
135,B000I1X3W8
57,B007T9WGMA
60,B0046A8Y8A
77,B008UG6GCC
53,B00172V6XK
106,B003CFATT2
102,B00005T406
70,B0037ECAQ8
77,B000V1JUIG
163,B007Y8N19S
99,B00BJVJV9A
163,B0055P9K38
172,B003PJI9II
87,B008Q60VZ4
114,B001BTCSI6
129,B008V9RW58
82,B000UZH7P6
104,B004ROOCO0
72,B00486MH80
408,B0047T79VS
79,B003TM600U
67,B00BVRQEKG
203,B00768SBAU
113,B0029LDDPM
56,B000ARSLB8
86,B0002OZXHO
146,B008HK50ZA
98,B00BDS25VA
133,B0000C3GWU
94,B0097BEFWC
630,B003MTTJOY
64,B0038YWLCA
107,B0015S8PGW
51,B004477D0A
156,B003V42O6K
141,B002TLTG9E
105,B002HQWN28
51,B0054WF6JY
139,B0088PPFP4
137,B005DJNRQM
59,B003WOLOLU
320,B007SM7O2U
71,B003A0T6YS
88,B0037NYQ6Q
116,B0064YWOQY
60,B002DUEBIC
67,B00EL4JA3E
171,B001M5U5AC
166,B000233WJ6
84,B00065ANYW
98,B0013IWYHU
86,B002BZFSYA
4915,B007WTAJTO
58,B007F7MZ04
120,B003B4VLJQ
61,B000GHTGES
59,B006M49G80
74,B000I963FE
113,B000B6MLPU
62,B00A7VYO90
70,B00EOI2SYK
95,B003ZSHNG8
229,B0018LX0DY
62,B000FHD7PI
73,B0000AI0OE
57,B000Z7AKGC
104,B00F4A8FQM
247,B004P8K24W
230,B005D5M136
72,B002NEFL8W
121,B0042I7AUE
55,B0055Q7BR4
79,B008MF3X9K
51,B00006346W
149,B002SQK2F2
101,B0096JZRBI
90,B0057D51ZY
85,B007GEE2S4
58,B0074FGNDC
579,B0043WJRRS
63,B004DVEW8I
82,B005BOMTT0
62,B0082OJ2VE
206,B007PY3ZPG
110,B009JZ09PI
62,B000PCVF3E
75,B009DJ1OFY
62,B007FH8MS8
103,B005GOINEK
86,B004861K1A
55,B0071CVTAK
65,B00CZIQXBA
158,B008IEGSGU
81,B0092HP3EA
54,B0026NZ3CE
68,B00408K36Y
190,B005NGQWL2
56,B002K7ULJQ
57,B004AH10K8
154,B00A9NE84C
154,B000ETVKHE
110,B005DSPLC6
68,B001OAR26K
122,B00871SR68
149,B009A6CZYO
92,B004YLCLM6
63,B000ONZTMW
58,B008L3C2MW
62,B003M5BIII
492,B0074FGLUM
57,B00009UHXR
104,B009XE0504
51,B000GFHJUS
188,B004Y1AYAC
161,B0031GGQC6
298,B007PJ4Q4A
79,B0062TB868
103,B00284VD02
56,B0068LACFI
190,B0002WPSBC
73,B00F9ZQQ8Q
142,B000NK3H4S
52,B00B59NX54
440,B003XM1WE0
78,B0096T9ACU
147,B004YIFKRM
433,B004Q0PT3I
67,B004UR16ES
60,B004EFUOY4
248,B00AO1XFM0
230,B0009YJXMS
97,B000FIVDIA
55,B000HCRVSK
77,B00GAKX34E
57,B004E5J61G
88,B0049VGHOO
55,B000779RZA
76,B000E8OVMQ
80,B0016SN49Y
108,B0014II9F0
56,B002GHIPYI
585,B001D60LG8
110,B0007SL4IW
67,B002DUKPN2
111,B000P8AUMU
173,B00EEOSZK0
51,B008KP4MQU
115,B004SBBD1C
282,B008GVL9YQ
184,B0075SUHKI
112,B000JLKIHA
236,B002HWJT1A
378,B007PJ4P4G
60,B002PONXAI
51,B0049CPQ36
75,B0097BEF0O
150,B008PO5CSI
53,B008DC9E8Q
62,B004SHD7JC
51,B000XB9GV0
53,B002W7U3E2
88,B005T4HT24
70,B003N7P6TC
63,B000VNJD18
261,B000OTF6G0
129,B000U07C1U
85,B000I06JLQ
72,B00009X6PH
51,B00BEJ83MI
301,B0053DDNW6
57,B009OX22B4
70,B003G9DRPC
55,B0055193D4
52,B0012IYLMM
436,B00AWKC0EC
130,B00E9QK2MW
55,B008YZ8UOQ
169,B004G7D0EG
51,B00AR95FOU
107,B00008VF63
51,B003KP8VSK
84,B00426C55G
52,B005FE72Q6
177,B002B3YCQM
98,B007T0NM2M
61,B007QWF9GK
61,B001HO59WM
196,B005Y5872O
55,B000026D8E
131,B004QGXOOI
103,B009N1RV9U
63,B002L5QGQ4
83,B003YVJJ5Y
169,B001EYV9TM
52,B003DZ9Z78
103,B004PVW1DE
81,B005FHZ2SI
62,B00BPHH8MA
113,B002MAPSDA
84,B000FV8P24
90,B00BN5Z2WM
134,B00007GQLS
58,B003B20JDW
158,B00FDUHD2K
102,B008YDUTRO
124,B003C2XSO8
68,B000OAHOVO
66,B000MVJ1M0
56,B00AA6OVAO
95,B0028Y4CWI
87,B00CHH0JF0
146,B008B488DI
79,B001AZP6O4
137,B00752R9PK
164,B000KE48CM
53,B003DZ168E
81,B003CY0SR6
75,B00695OZV0
51,B00CO8TBNS
88,B001A5V1K2
313,B005DLDO4U
66,B00DH13JZ2
82,B000EUFJXE
78,B00585CLVS
151,B00B4PJC9K
867,B0097BEFYA
234,B003ZX8B0U
83,B00B981F38
85,B00BW6LXHA
64,B001UQ6E4Y
113,B0036R9XRU
56,B0045C9MOO
445,B000RQSGYO
78,B002G1Y7LO
122,B009C98NPY
65,B000I20BBI
60,B00CD0I8EK
59,B00007E89K
137,B00449U3K0
65,B005PXMKI2
52,B000NMKHW6
97,B001M5BIX0
71,B0072XQILS
72,B002LK2QJK
306,B000TKHBDK
103,B000KZW9WM
63,B005DKZW2I
53,B004AXDFFA
61,B00135IILO
52,B001JQ4QCW
89,B001F7AP1Q
63,B004TXW2CS
56,B004HNCRNO
53,B003EV7EC4
66,B001BLV78Q
63,B004ZLUZOG
175,B007PE3FC4
92,B006K551TO
71,140053271X
181,B007S642BW
280,B004MYFOE2
55,B007XIUPCU
59,B001OV789U
83,B009CMN3W4
60,B001F9DJOO
156,B005DVJJWQ
65,B001HXCOOO
163,B000IZDN60
85,B0012X5766
208,B001ELJER4
71,B001KB21KA
288,B0011YZJPA
298,B008RZ0EQ0
99,B006ZZUK5Y
83,B004YIFP04
64,B005Y29E1K
105,B005LFYCM6
202,B0011ZCDKS
95,B008GVETNE
76,B000FNDWLQ
169,B008XVAVAW
52,B000G6M916
109,B000YZGCIU
97,B001P2VV50
96,B005GLFSYQ
62,B0007XXU3E
111,B005B0A6ZS
164,B006JG2IPY
110,B00AU0HMGA
79,B001DELTLQ
64,B001ELJ9P6
53,B0038KV2MO
211,B000CC6I5W
116,B0003QIXBY
61,B0033ZP5YA
60,B004LEAKG0
58,B003HC8V9A
80,B001VEJEGK
57,B00604YSNK
53,B00005NCWK
80,B001Q3MA80
54,B002FB7IWU
213,B0069R7FFQ
134,B000PCEFXQ
416,B00752QXZ2
135,B001UI4RTG
516,B002BH3Z8E
175,B000ANCPNM
54,B009A4B6YG
245,B001KELVS0
75,B00CHT6CRC
275,B004J3ZV62
237,B009BEXSNW
328,B004G8HXXO
83,B001M4XCHQ
57,B002ODG5GO
64,B003EYV224
58,B002Y27P6O
59,B004YLCKYA
110,B00GPH6T8E
105,B0041RSPRS
141,B000067RBT
87,B00AA6CS86
65,B0043CG3QG
65,B004M8SVFM
60,B005CG2AL4
530,B003HFCDLY
59,B0081TH24O
127,B000IDC0K2
55,B002N694A6
56,B00EB7812C
182,B0062EUE54
71,B00D9UN5Z0
137,B009SE4DNO
78,B003NS0UUQ
308,B002YIG9AQ
162,B001SEQN3U
51,B001VKY7WU
57,B00413XA3G
166,B006JGXOSY
117,B007K9P7H0
184,B003S5SOLG
51,B008FU1HE0
57,B009IUIV4A
62,B001AIQGUO
69,B0040VNDKO
182,B000V0ETA6
53,B005KTNV70
72,B001B5CVNC
112,B001AO2274
61,B0084ZYI88
101,B003WE9WQO
119,B007ZIBURC
59,B0049MPQGI
51,B003IZ9XTI
100,B0016CFZQ0
111,B009MX63ES
116,B008RZ0FFA
85,B000NVR9SM
61,B009Z4RGFY
74,B009614ANM
58,B005FMLXW2
117,B000M3GODW
534,B001UEBN42
53,B002HWWDAY
117,B00BWL33H8
53,B0049I48JI
89,B000EFIJTA
88,B003M5IQLU
75,B001418W2C
52,B009NQRHEY
57,B000FTLOL0
143,B0002D03ZW
70,B004C9M7UG
122,B0015BUJ0Y
53,B005ZNHOW4
704,B000CKVOOY
63,B00007KDVJ
114,B00006HSML
53,B0042X93AY
59,B002JMYCTC
59,B004HEBXFQ
81,B000Q6DLTK
215,B00931DHKM
55,B005LC2MLC
67,B0014XKQY2
239,B00F3SOHNU
278,B002HGFKR8
334,B005QBK5V2
227,B002JCSCYS
66,B008GEH9HO
78,B001VO4MOY
81,B000SEN9U6
51,B000Q74102
76,B006QOLYPO
52,B00CU9GOAO
1096,B002QEBMAK
107,B0016MF7W2
61,B009SK57IS
136,B004NQMCDK
98,B0079TOEQQ
61,B005MKH1XC
145,B001FW9QGQ
162,B000CSOXTO
105,B0050I6KII
81,B005WXQO3W
54,B0090SVDEK
55,B003IVZVDO
75,B00006FXR9
293,B005J7YA3W
81,B001UE6I0G
189,B001BRXW74
90,B006GH8VI4
60,B004WI1SO8
55,B005QT7ZBC
115,B00006I53X
86,B006B7R9QE
117,B004CANMCC
240,B003M0NT1M
83,B000II6YEA
184,B00BQH8UEY
892,B006OBGEHW
79,B004O0TREC
73,B001CROHX6
152,B004YW79F4
540,B004VM1T5S
1295,B0012S4APK
91,B002VPDOH8
122,B0028N6YH0
92,B002XW44QY
62,B000HAOVC6
198,B005I6EU48
287,B003ZKG10K
108,B0053KWDES
67,B0098O9TB0
67,B00D42AESY
64,B001HK4LWA
306,B00264GYMG
81,B0055YB5IC
56,B00604L9BO
60,B005HNNJXA
245,B002HJ9PTO
72,B009XN9GQY
69,B00008ZPJU
73,B007BZRXK2
94,B004G8QO8E
443,B0024R4B5C
102,B0002BEWZQ
79,B00ATM1MVA
63,B002TLTE6O
135,B001IBHUU8
60,B002G1YNQS
103,B00E5UHRIO
92,B004PYD950
93,B000NK6INU
127,B006WAGG14
74,B0081SS5C8
51,B00IZBNQO8
81,B003VWYBC2
90,B0063Q3G3I
56,B00A8OWALU
62,B003GSCS3U
175,B00565T3ZW
59,B002JCSV6M
88,B00EHZYWGM
85,B005TH9Q3Q
61,B009QUDLYW
64,B0000AKA90
106,B004FEEZHQ
55,B004JQQDZ2
54,B0096BEJDI
119,B0000642RX
81,B0041HPH88
64,B000058AKE
85,B008RI1YKC
295,B009PK9S90
104,B005LIDU5S
117,B00DXFDHV8
58,B004V68IQ2
73,B00G5RXM16
110,B000MDZKUU
70,B006K551HQ
165,B000TUDOQ8
99,B002T1OJZU
99,B000NP46K2
79,B00000J1SC
133,B0098PRKA6
88,B0057AVXP4
146,B001X017G2
62,B004PVW1DY
64,B00G500AE0
108,B009FPUBBE
83,B000067SG2
82,B003USPP5Y
124,B000JJM8XE
56,B000UHXHSK
86,B00007FGUF
258,B002FFZGCU
140,B00DTPYRKC
57,B00947LCZW
52,B005TGKX9S
90,B0073K645A
117,B00385XUG0
54,B002IPHA1W
51,B00C39TA84
353,B00CD8ADKO
187,B008H9BXMK
68,B002QXZPFE
84,B006FILNV6
996,B003LR7ME6
79,B002FGTWOC
92,B004QD9E54
63,B0065MMKTG
208,B001S4OTS6
108,B001QFZFS0
63,B008X9Z6EA
56,B007RNCLBY
229,B003ZSHNGS
621,B004HHICKC
63,B006OZEIKS
185,B007GFX0PY
145,B00608WXGA
1204,B004GF8TIK
57,B000OH26OM
156,B0073HSH8U
64,B0012WXFO8
212,B004T1YAEI
54,B004SD25SK
55,B004NY9UUK
64,B000B6D39I
124,B004SD2562
209,B0082YNR0Q
81,B000TT80DG
140,B00365EVW4
51,B007JF861O
55,B0094S360U
169,B009O7YORK
63,B005EV1R8Y
55,B004XBZ728
83,B00427TAIK
66,B00005T3Q2
80,B001G2RAMW
506,B005X1Y7I2
75,B003OBXHPC
84,B001N82JP2
695,B0036Q7MV0
100,B000I4RMOU
242,B005HJWWW8
90,B00020M1U0
697,B005ONMDYE
113,B001542X64
65,B00B7FLPBU
149,B00AXZWG8Q
206,B0007R4LI8
282,B000F9YN22
76,B00AYJFXIQ
195,B000EOMXM0
436,B0018DQYQ2
53,B004TS2AOS
207,B0000A1G05
394,B007M506WS
133,B00BWLL9N8
192,B0036WT1RW
265,B00894YWD0
72,B0002Z82XA
56,B00009UTLM
82,B00005T380
54,B002RWJHBM
103,B005H3Q59U
236,B000VZS2EU
57,B00CMKS2DI
547,B0041OSQB6
63,B00HVT27B8
117,B002RL9WDQ
158,B003CK10DG
115,B002HU39BS
129,B006K5505E
62,B0000DB4D1
73,B001GPCBPU
67,B000EN0K94
57,B000FJ89UO
60,B002TQYUAE
53,B003VWU2WA
114,B0041BT21M
241,B0089E5R0W
82,B0007QKXYU
117,B009GUXU52
96,B00007AP2O
62,B003283M6Q
117,B002VG39BI
153,B00005K47X
117,B008U3038I
91,B005T3GPXE
55,B007NKOC2W
311,B004RKQMCY
77,B005E97ZUU
78,B000GU88CQ
282,B000OMKR8E
98,B004CCS266
287,B007WAWHD4
190,B003BLQHN4
456,B0040IUI46
57,B003A7C9WM
69,B007E4PUT6
76,B0038L495U
456,B005PC7VG4
61,B004KPLS7K
54,B001FRRD48
133,B0080JQY4E
1077,B007R5YDYA
66,B00689F764
111,B006FNCWSY
87,B00945RAQY
51,B0045HG53K
60,B007R3Z44U
51,B0011E4N5C
85,B00422KZQG
273,B0040JHVC2
407,B005K7192G
232,B001LL5JDA
59,B007PJ4PLO
54,B00EDCF0MY
150,B000ANOY7M
120,B00BIULEJC
144,B00FJRS5BA
63,B006NGHN5A
72,B0018VDADE
80,B003DPKOKK
273,B00B8L36A6
78,B006GDTTM0
206,B000092YPR
283,B004J4VYEY
52,B0041OMIV0
143,B005DEHVC8
428,B00APCMMDG
52,B003XFWSU4
73,B000SATCUQ
68,B0013UCYUU
67,B005B9CNMI
253,B004K1EZDS
60,B000I94FAE
285,B005EOWBHC
146,B00CO8TBOW
121,B007LBOCVY
60,B002LITT3S
504,B0002KVQBA
268,B003CP0OT2
419,B003O1UYHG
181,B008B1125W
410,B00029U1DK
75,B007W66RCU
72,B001BFLS4U
64,B004QQY2JO
60,B000144I2Q
52,B0007MGG2M
137,B005G3066Y
101,B00B7GAE98
694,B0049P6OTI
66,B0013FK9U2
131,B0051FWA7U
60,B002NWO9EG
56,B009PH58YW
55,B00740MR78
651,B00834SJSK
72,B008BQGPOA
180,B0002BEQJ8
81,B0002FHENE
66,B003DNSJPE
78,B008X9Z528
163,B005KQ0S8S
52,B004ZMV2GA
70,B00FB2XNCE
204,B004T9RR4A
87,B002V5OYHC
133,B009F1I1C4
98,B0090I9VVC
96,B000VSWHIE
401,B000067RC4
58,B005UBNKWO
87,B009W8EWOG
58,B004HW6F9M
52,B007C1KKW8
73,B00FJWKYYG
70,B000RZ8WHG
97,B0015KYV3Q
159,B004JISIE4
105,B0029F21LA
248,B003MVZ60I
103,B002PAR0AQ
51,B0021ZE2JM
403,B004N6259G
74,B000I661J0
1581,B004QK7HI8
63,B0002BF0DE
53,B000E312X2
80,B003U7SR0U
585,B000BTL0OA
51,B003A4H2LI
121,B003STVG80
60,B000G3KLPA
56,B007ZWVCOY
73,B005PZ07PI
94,B008BFXOZE
